Title,Main Price,Current Price,Store
"Turbo-X LED TV TXV-E3250D 32"" HD Ready",951.0,95.0,PLAISIO
"Samsung QLED 4K TV QE65Q70R 65"" 4Κ Ultra HD",1799.0,1199.0,PLAISIO
"Turbo-X LED TV TXV-S3250SMT 32"" HD Ready",169.0,149.0,PLAISIO
"Turbo-X LED TV TXV-S3950SMT 39"" HD Ready",229.0,189.0,PLAISIO
"Turbo-X ANDROID TV TXV-AU4375 43"" 4Κ Ultra HD",259.0,259.0,PLAISIO
"Turbo-X LED TV TXV-E4355 43"" Full HD",169.0,169.0,PLAISIO
"Turbo-X LED TV TXV-S4350SMT 43"" Full HD",259.0,229.0,PLAISIO
"LG LED TV 43UM7450 43"" 4Κ Ultra HD",699.0,349.0,PLAISIO
"Turbo-X LED TV TXV-P5060SMT 50"" 4Κ Ultra HD",289.0,279.0,PLAISIO
"Turbo-X LED TV TXV-E2464 24"" HD Ready",791.0,79.0,PLAISIO
"Samsung LED TV 43TU7072 43"" 4Κ Ultra HD",499.0,369.0,PLAISIO
"Turbo-X LED TV TXV-E3294 32"" HD Ready",139.0,119.0,PLAISIO
"Turbo-X Android TV TXV-AU5075 50"" 4Κ Ultra HD",299.0,299.0,PLAISIO
"Sony Full Array TV 55XF9005 55"" 4Κ Ultra HD",139.0,742.0,PLAISIO
"Turbo-X Android TV TXV-A6575 65"" 4Κ Ultra HD",529.0,489.0,PLAISIO
"Turbo-X LED TV TXV-P5560SMT 55"" 4Κ Ultra HD",289.0,289.0,PLAISIO
"Turbo-X Android TV TXV-AU5080SMT 50"" 4Κ Ultra HD",319.0,319.0,PLAISIO
"Turbo-X Android TV TXV-AU5580SMT 55"" 4Κ Ultra HD",369.0,369.0,PLAISIO
"Sony LED TV KD49XG8096 49"" 4Κ Ultra HD",999.0,579.0,PLAISIO
"LG LED TV 70UM7100 70"" 4Κ Ultra HD",999.0,699.0,PLAISIO
"Samsung LED TV 55TU7072 55"" 4Κ Ultra HD",649.0,479.0,PLAISIO
"Samsung LED TV 65TU7072 65"" 4Κ Ultra HD",899.0,699.0,PLAISIO
"Samsung QLED TV QE 55Q80T 55"" 4Κ Ultra HD",1799.0,1199.0,PLAISIO
"Samsung LED TV UE32T4302 32"" HD Ready",279.0,229.0,PLAISIO
"LG NanoCell TV 75SM9000 75"" 4Κ Ultra HD",4169.0,2099.0,PLAISIO
"Samsung QLED TV QE 55Q60T 55"" 4Κ Ultra HD",119.0,799.0,PLAISIO
"LG TV Monitor 24"" 24TL510S-PZ",159.0,139.0,PLAISIO
"LG LED TV 65UM7450 65"" 4Κ Ultra HD",129.0,649.0,PLAISIO
"LG TV Monitor 28"" 28TL510S",199.0,159.0,PLAISIO
"Samsung QLED TV QE 50Q60T 50"" 4Κ Ultra HD",999.0,699.0,PLAISIO
"LG OLED TV OLED55B9S 55"" 4Κ Ultra HD",1699.0,1359.0,PLAISIO
"Sony LED TV KD55XG8096B 55"" 4Κ Ultra HD",999.0,649.0,PLAISIO
"LG OLED TV OLED65CX6 65"" 4Κ Ultra HD",3199.0,2559.0,PLAISIO
"Samsung QLED TV QE 55Q70T 55"" 4Κ Ultra HD",139.0,999.0,PLAISIO
"Samsung LED TV UE32T5302 32"" Full HD",329.0,299.0,PLAISIO
"Samsung LED TV UE43TU8072 43"" 4Κ Ultra HD",489.0,399.0,PLAISIO
"Turbo-X Android TV TXV-AU5575 55"" 4Κ Ultra HD",349.0,349.0,PLAISIO
"Samsung LED TV UE43TU8502 43"" 4Κ Ultra HD",649.0,529.0,PLAISIO
"Samsung QLED TV QE 43Q60T 43"" 4Κ Ultra HD",799.0,649.0,PLAISIO
"Samsung QLED TV QE 65Q95T 65"" 4Κ Ultra HD",3199.0,2499.0,PLAISIO
"Turbo-X LED TV TXV-P6560SMT 65"" 4Κ Ultra HD",599.0,479.0,PLAISIO
"Samsung LED TV 75TU7072 75"" 4Κ Ultra HD",1499.0,1149.0,PLAISIO
"LG OLED TV OLED65B9 65"" 4Κ Ultra HD",3699.0,1999.0,PLAISIO
"LG LED TV 32LM550 32"" HD Ready",199.0,159.0,PLAISIO
"Samsung QLED TV QE 65Q90T 65"" 4Κ Ultra HD",2799.0,1999.0,PLAISIO
"Samsung QLED TV QE 55Q95T 55"" 4Κ Ultra HD",2399.0,1999.0,PLAISIO
"Samsung QLED TV The Frame 55"" 4Κ Ultra HD",1799.0,1439.0,PLAISIO
"Sony LED TV KD65XG8096 65"" 4Κ Ultra HD",174.0,899.0,PLAISIO
"Samsung QLED TV QE 65Q80T 65"" 4Κ Ultra HD",2399.0,1699.0,PLAISIO
"Samsung LED TV UE55TU8072 55"" 4Κ Ultra HD",699.0,529.0,PLAISIO
"Samsung QLED TV QE 55Q90T 55"" 4Κ Ultra HD",2199.0,1499.0,PLAISIO
"Samsung LED TV UE55TU8502 55"" 4Κ Ultra HD",949.0,749.0,PLAISIO
"Samsung LED TV UE50TU8072 50"" 4Κ Ultra HD",599.0,499.0,PLAISIO
"LG LED TV 43UM7050 43"" 4Κ Ultra HD",419.0,339.0,PLAISIO
"Samsung LED TV UE28N4305 28"" HD Ready",209.0,189.0,PLAISIO
"Samsung QLED TV The Serif 43"" 4Κ Ultra HD",1299.0,1039.0,PLAISIO
"Sony Full Array TV 65XF9005 65"" 4Κ Ultra HD",1899.0,1299.0,PLAISIO
"Samsung QLED TV The Frame 43"" 4Κ Ultra HD",1299.0,1039.0,PLAISIO
"Samsung QLED TV QE 65Q70T 65"" 4Κ Ultra HD",1799.0,1299.0,PLAISIO
"LG NanoCell TV 49SM8050 49"" 4Κ Ultra HD",659.0,519.0,PLAISIO
"Samsung LED TV UE50TU8502 50"" 4Κ Ultra HD",829.0,649.0,PLAISIO
"Sony LED TV KDL32WD755 32"" Full HD Smart",399.0,379.0,PLAISIO
"Sony LED TV KD49XG7096 49"" 4Κ Ultra HD",549.0,519.0,PLAISIO
"LG NanoCell TV 65SM8050 65"" 4Κ Ultra HD",104.0,999.0,PLAISIO
"LG NanoCell TV 49NANO816 48"" 4Κ Ultra HD",979.0,779.0,PLAISIO
"LG LED TV 49UM7050 49"" 4Κ Ultra HD",479.0,379.0,PLAISIO
"Sony Full Array TV 49XG9005 49"" 4Κ Ultra HD",154.0,949.0,PLAISIO
"Samsung LED TV UE65TU8072 65"" 4Κ Ultra HD",949.0,799.0,PLAISIO
"Samsung QLED 4K TV QE49Q60R 49"" 4Κ Ultra HD",899.0,649.0,PLAISIO
"Sony LED TV KD43XG8096 43"" 4Κ Ultra HD",799.0,579.0,PLAISIO
"LG LED TV 32LM630 32"" HD Ready",359.0,269.0,PLAISIO
"Sony LED TV KD43XG7096 43"" 4Κ Ultra HD",549.0,469.0,PLAISIO
"LG TV Monitor 24"" 24TL510S-WZ",169.0,149.0,PLAISIO
"LG LED TV 43LK5100 43"" Full HD",349.0,199.0,PLAISIO
"Sony LED TV KDL32WE615 32"" HD Ready",479.0,309.0,PLAISIO
"Samsung Hotel Led TV HG32EE590 32"" HD Ready",469.0,359.0,PLAISIO
"Samsung Frame VG-SCFT Μαύρο 43""",992.0,99.0,PLAISIO
"Samsung Frame VG-SCFT Μαύρο 55""",992.0,99.0,PLAISIO
"Samsung Frame VG-SCFT Καφέ 50""",992.0,99.0,PLAISIO
"Samsung Frame VG-SCFT Μαύρο 65""",992.0,99.0,PLAISIO
"Samsung Frame VG-SCFT Μαύρο 75""",992.0,99.0,PLAISIO
"Samsung Frame VG-SCFT Καφέ 65""",992.0,99.0,PLAISIO
"Samsung Frame VG-SCFT Μπεζ 75""",992.0,99.0,PLAISIO
"Samsung Frame VG-SCFT Καφέ 75""",992.0,99.0,PLAISIO
"Samsung Frame VG-SCFT Καφέ 43""",992.0,99.0,PLAISIO
"Samsung Frame VG-SCFT Μαύρο 50""",992.0,99.0,PLAISIO
"LG OLED TV OLED88Z9 88"" 8K Ultra HD",2999.0,23999.0,PLAISIO
"Samsung Hotel Led TV HG32EJ470 32"" HD Ready",299.0,219.0,PLAISIO
"Samsung QLED 8K TV QE98Q950R 98"" 8K Ultra HD",6999.0,66299.0,PLAISIO
"Sony LED TV KD75XG8096 75"" 4Κ Ultra HD",1399.0,1299.0,PLAISIO
"LG NanoCell TV 65NANO816 65"" 4Κ Ultra HD",1579.0,1179.0,PLAISIO
"Sony LED TV 85XH9096 85"" 4Κ Ultra HD",3599.0,3599.0,PLAISIO
"Sony OLED TV 55A8 55"" 4Κ Ultra HD",2249.0,1799.0,PLAISIO
"Sony LED TV 75XH9096 75"" 4Κ Ultra HD",2599.0,1949.0,PLAISIO
"Sony OLED TV 65A8 65"" 4Κ Ultra HD",3279.0,2629.0,PLAISIO
"LG NanoCell TV 75NANO996 75"" 8K Ultra HD",5899.0,4719.0,PLAISIO
"LG NanoCell TV 65NANO956 65"" 8K Ultra HD",3199.0,2559.0,PLAISIO
"LG OLED TV 77W9 77"" 4Κ Ultra HD",1399.0,11999.0,PLAISIO
"LG LED TV 75UM7600 75"" 4Κ Ultra HD",2599.0,1599.0,PLAISIO
"Samsung QLED TV QE 85Q950T 85"" 8K Ultra HD",1319.0,9999.0,PLAISIO
"Samsung QLED TV QE 85Q95T 85"" 4Κ Ultra HD",6599.0,5599.0,PLAISIO
"Sony LED TV KD55XH8096 55"" 4Κ Ultra HD",999.0,999.0,PLAISIO
"Samsung LED TV UE75TU8072 75"" 4Κ Ultra HD",1699.0,1509.0,PLAISIO
"Samsung QLED TV QE 82Q800T 82"" 8K Ultra HD",7699.0,5769.0,PLAISIO
"Samsung QLED TV The Frame 75"" 4Κ Ultra HD",3799.0,3039.0,PLAISIO
"Samsung QLED TV QE 85Q70T 85"" 4Κ Ultra HD",3999.0,3299.0,PLAISIO
"Samsung QLED TV QE 85Q80T 85"" 4Κ Ultra HD",5499.0,4399.0,PLAISIO
"Sony LED TV KD49XH8096 49"" 4Κ Ultra HD",919.0,769.0,PLAISIO
"Sony Full Array TV KD75XH9505 75"" 4Κ Ultra HD",3599.0,3599.0,PLAISIO
"LG NanoCell TV 86NANO916 86"" 4Κ Ultra HD",4599.0,3679.0,PLAISIO
"LG NanoCell TV 65NANO996 65"" 8K Ultra HD",4699.0,3759.0,PLAISIO
"LG OLED TV OLED77ZX9 77"" 8K Ultra HD",2349.0,18799.0,PLAISIO
"LG OLED TV OLED77GX6 77"" 4Κ Ultra HD",7499.0,5999.0,PLAISIO
"LG OLED TV OLED77CX6 77"" 4Κ Ultra HD",6399.0,5119.0,PLAISIO
"Sony LED TV 65XH9096 65"" 4Κ Ultra HD",1749.0,1159.0,PLAISIO
"LG OLED TV OLED55CX6 55"" 4Κ Ultra HD",2489.0,1990.0,PLAISIO
"LG LED TV 55UM7050 55"" 4Κ Ultra HD",569.0,429.0,PLAISIO
"LG LED TV 65UM7050 65"" 4Κ Ultra HD",799.0,799.0,PLAISIO
"LG NanoCell TV 49NANO866 49"" 4Κ Ultra HD",1999.0,1039.0,PLAISIO
"Sony LED TV KDL50WF665 50"" Full HD",529.0,499.0,PLAISIO
"Sony LED TV KD85XG8596 85"" 4Κ Ultra HD",4199.0,2499.0,PLAISIO
"Sony LED TV KD85ZG9 85"" 8K Ultra HD",1699.0,14999.0,PLAISIO
"LG NanoCell TV 55SM8050 55"" 4Κ Ultra HD",799.0,639.0,PLAISIO
"Samsung LED TV UE43RU7092 43"" 4Κ Ultra HD",529.0,369.0,PLAISIO
"Samsung QLED TV The Frame 50"" 4Κ Ultra HD",1499.0,1199.0,PLAISIO
"Sony LED TV 55XH9096 55"" 4Κ Ultra HD",1499.0,1159.0,PLAISIO
"Samsung QLED TV QE 75Q800T 75"" 8K Ultra HD",5999.0,4799.0,PLAISIO
"Samsung QLED TV QE 49Q80T 49"" 4Κ Ultra HD",1499.0,1199.0,PLAISIO
"Samsung QLED TV QE 75Q70T 75"" 4Κ Ultra HD",2499.0,1799.0,PLAISIO
"Samsung QLED TV QE 75Q950T 75"" 8K Ultra HD",8799.0,6999.0,PLAISIO
"Samsung QLED TV QE 75Q60T 75"" 4Κ Ultra HD",2399.0,1679.0,PLAISIO
"Samsung QLED TV QE 85Q60T 85"" 4Κ Ultra HD",3799.0,2999.0,PLAISIO
"Samsung QLED TV The Serif 49"" 4Κ Ultra HD",1399.0,1119.0,PLAISIO
"Samsung QLED TV The Serif 55"" 4Κ Ultra HD",1599.0,1279.0,PLAISIO
"Samsung QLED TV QE 75Q80T 75"" 4Κ Ultra HD",3799.0,3099.0,PLAISIO
"Samsung QLED TV QE 65Q950T 65"" 8K Ultra HD",6599.0,5279.0,PLAISIO
"Samsung QLED TV The Frame 65"" 4Κ Ultra HD",2399.0,1919.0,PLAISIO
"Sony LED TV KD43XH8096 43"" 4Κ Ultra HD",819.0,695.0,PLAISIO
"Samsung QLED TV QE 75Q90T 75"" 4Κ Ultra HD",4399.0,3499.0,PLAISIO
"Sony LED TV KD65XH8096 65"" 4Κ Ultra HD",1349.0,1349.0,PLAISIO
"Samsung QLED TV QE 75Q95T 75"" 4Κ Ultra HD",4899.0,3999.0,PLAISIO
"Sony Full Array TV KD49XH9505 49"" 4Κ Ultra HD",1449.0,1159.0,PLAISIO
"Samsung Frame VG-SCFT Καφέ 55""",992.0,99.0,PLAISIO
"Samsung Frame VG-SCFT Λευκό 65""",992.0,99.0,PLAISIO
"Sony LED TV KD49XG8396 49"" 4Κ Ultra HD",134.0,849.0,PLAISIO
"LG Nano Cell TV 55SM9800 55"" 4Κ Ultra HD",2199.0,1349.0,PLAISIO
"Sony LED TV KD75XG8596 75"" 4Κ Ultra HD",2999.0,1519.0,PLAISIO
"LG LED TV 70UM7450 70"" 4Κ Ultra HD",1799.0,1049.0,PLAISIO
"LG OLED TV OLED55E9 55"" 4Κ Ultra HD",3299.0,1799.0,PLAISIO
"LG OLED TV OLED65W9 65"" 4Κ Ultra HD",7499.0,6499.0,PLAISIO
"Samsung Frame VG-SCFT Καφέ 55""",992.0,99.0,PLAISIO
"Samsung Frame VG-SCFT Λευκό 65""",992.0,99.0,PLAISIO
"LG LED TV 75UN85006 75"" 4Κ Ultra HD",1899.0,1519.0,PLAISIO
"LG LED TV 75UM7050 75"" 4Κ Ultra HD",1329.0,1039.0,PLAISIO
"LG OLED TV OLED65GX6 65"" 4Κ Ultra HD",3749.0,2999.0,PLAISIO
"LG OLED TV OLED55GX6 55"" 4Κ Ultra HD",2819.0,2239.0,PLAISIO
"LG NanoCell TV 55NANO916 55"" 4Κ Ultra HD",1619.0,1279.0,PLAISIO
"LG OLED TV OLED 65B9S 65"" 4Κ Ultra HD",2599.0,1899.0,PLAISIO
"LG NanoCell TV 75NANO916 75"" 4Κ Ultra HD",2889.0,2299.0,PLAISIO
"LG NanoCell TV 65NANO866 65"" 4Κ Ultra HD",1799.0,1259.0,PLAISIO
"LG NanoCell TV 55NANO816 55"" 4Κ Ultra HD",115.0,919.0,PLAISIO
"Samsung QLED TV QE 75Q800T 75"" 8K Ultra HD",5999.0,4799.0,PLAISIO
"Samsung QLED TV QE 49Q80T 49"" 4Κ Ultra HD",1499.0,1199.0,PLAISIO
"Samsung QLED TV QE 75Q70T 75"" 4Κ Ultra HD",2499.0,1799.0,PLAISIO
"Samsung QLED TV QE 75Q950T 75"" 8K Ultra HD",8799.0,6999.0,PLAISIO
"Samsung QLED TV QE 75Q60T 75"" 4Κ Ultra HD",2399.0,1679.0,PLAISIO
"Samsung QLED TV QE 85Q60T 85"" 4Κ Ultra HD",3799.0,2999.0,PLAISIO
"Samsung QLED TV The Serif 49"" 4Κ Ultra HD",1399.0,1119.0,PLAISIO
"Samsung QLED TV The Serif 55"" 4Κ Ultra HD",1599.0,1279.0,PLAISIO
"Samsung QLED TV QE 75Q80T 75"" 4Κ Ultra HD",3799.0,3099.0,PLAISIO
"Samsung QLED TV QE 65Q950T 65"" 8K Ultra HD",6599.0,5279.0,PLAISIO
"Samsung QLED TV The Frame 65"" 4Κ Ultra HD",2399.0,1919.0,PLAISIO
"Sony LED TV KD43XH8096 43"" 4Κ Ultra HD",819.0,695.0,PLAISIO
"Samsung QLED TV QE 75Q90T 75"" 4Κ Ultra HD",4399.0,3499.0,PLAISIO
"Sony LED TV KD65XH8096 65"" 4Κ Ultra HD",1349.0,1349.0,PLAISIO
"Samsung QLED TV QE 75Q95T 75"" 4Κ Ultra HD",4899.0,3999.0,PLAISIO
"Sony Full Array TV KD49XH9505 49"" 4Κ Ultra HD",1449.0,1159.0,PLAISIO
"LG LED TV 75SM9900 75"" 8K Ultra HD",5499.0,3799.0,PLAISIO
"Sony LED TV KD65XG7096 65"" 4Κ Ultra HD",999.0,849.0,PLAISIO
"Samsung LED TV UE65TU8502 65"" 4Κ Ultra HD",134.0,949.0,PLAISIO
"Samsung QLED TV QE 65Q60T 65"" 4Κ Ultra HD",1599.0,1119.0,PLAISIO
"Sony Full Array TV 55XH9505 55"" 4Κ Ultra HD",1749.0,1399.0,PLAISIO
"Samsung LED TV UE82RU8002 82"" 4Κ Ultra HD",3699.0,2199.0,PLAISIO
"LG NanoCell TV 65NANO916 65"" 4Κ Ultra HD",2029.0,1599.0,PLAISIO
"LG LED TV 60UM7100 60"" 4Κ Ultra HD",999.0,629.0,PLAISIO
"LG LED TV 75UM7110 75"" 4Κ Ultra HD",199.0,899.0,PLAISIO
"LG LED TV 50UM7450 50"" 4Κ Ultra HD",549.0,399.0,PLAISIO
"LG OLED TV OLED55C9 55"" 4Κ Ultra HD",2799.0,1599.0,PLAISIO
"Samsung LED TV UE65RU7402 65"" 4Κ Ultra HD",159.0,799.0,PLAISIO
"LG NanoCell TV 55SM8200 55"" 4Κ Ultra HD",999.0,599.0,PLAISIO
"LG NanoCell TV 55SM8600 55"" 4Κ Ultra HD",164.0,749.0,PLAISIO
"Sony Full Array 55XG9505 55"" 4Κ Ultra HD",199.0,919.0,PLAISIO
